session_id,mean_step_fix,mean_step_rand,mean_speed_fix,mean_speed_rand,net_drift_fix,net_drift_rand,valid_trials
session_01,0.10695108052809864,0.5056914823849338,1.288542965842334,6.592570053345097,0.6392194830761452,2.686392264690471,145
session_02,0.11963958279991277,0.441194307633045,1.4437680342281778,5.480493714629081,0.7705115317393008,2.4540873529368703,136
